{"val_loss": [1.2575495990753174, 0.9262071395874023, 1.6057150701522827, 0.9156734673500061, 0.8168747084617615, 0.8919807191848755, 0.7314855063438416, 0.7095061511993408, 0.6695000004768371, 0.6413168230056763, 0.6817606498718262, 0.6508627774238587, 0.6562764682769775, 0.6293952363967895, 0.5738360434532166, 0.5939396513938904, 0.5743400559425355, 0.5652447761535645, 0.6672956895828247, 0.5812186460494995, 0.6215808294296264, 0.6153508090019226, 0.5772749678611755, 0.6018237633705139, 0.5763214999198913, 0.5944316517829895, 0.5777142684936524, 0.5778013461112976, 0.5885732230186462, 0.5726795454978942, 0.5837121259689331, 0.5970261545181275, 0.6257884351730346, 0.6599805013656617, 0.5822804480552674, 0.6277416330337524, 0.6147986293792724, 0.5947512849807739, 0.6004019893646241, 0.6490274260520935, 0.6200059614181519, 0.6397584254264832, 0.5951679904937744, 0.6199863046646118, 0.664779269695282, 0.63351706199646, 0.6243071045875549, 0.6143467771530151, 0.6298870483398438, 0.6235141732215881, 0.6569592675209045, 0.6548692840576172], "val_acc": [0.5719, 0.6781, 0.4619, 0.6742, 0.7205, 0.6904, 0.7482, 0.7539, 0.7737, 0.7839, 0.7685, 0.7825, 0.7871, 0.7893, 0.8098, 0.8037, 0.8102, 0.8159, 0.7879, 0.8175, 0.8027, 0.8036, 0.818, 0.8151, 0.8205, 0.8183, 0.8276, 0.8261, 0.8241, 0.8272, 0.8302, 0.824, 0.8197, 0.8223, 0.8324, 0.8252, 0.8224, 0.8268, 0.8312, 0.8221, 0.8292, 0.8301, 0.8304, 0.8299, 0.8238, 0.8291, 0.8296, 0.8289, 0.833, 0.8345, 0.8291, 0.8322], "loss": [1.60934373336792, 1.1648170098876953, 1.6445906779098511, 1.1433253884506225, 0.963709896850586, 0.8629371642684937, 0.7826367217636109, 0.7255931206512451, 0.6712777399253845, 0.6213022446632386, 0.5843008912277222, 0.5411509923934936, 0.5160082767295837, 0.48240109786987306, 0.45710024478912353, 0.4314461995887756, 0.4107891155052185, 0.3852454091453552, 0.3750744948196411, 0.35162298407554626, 0.333669323387146, 0.3192577835083008, 0.31229365763664246, 0.3031246599960327, 0.28593453516960143, 0.2698362416267395, 0.258726342754364, 0.25122878265857695, 0.24159736061573028, 0.2334965828704834, 0.2209897948884964, 0.21760397890090943, 0.21085428779125215, 0.20902960909366608, 0.19558232628107072, 0.19037466221809388, 0.19289557126522064, 0.18308358355045318, 0.18058243491649628, 0.1752416511452198, 0.16388766970872878, 0.16979867879390717, 0.16601996264457702, 0.15636851571083069, 0.15094253829956056, 0.15609240953683853, 0.14741500910520552, 0.1428649316573143, 0.13756101027965545, 0.1396859452366829, 0.1404103777050972, 0.14392256726145744], "acc": [0.46294, 0.597, 0.45418, 0.61002, 0.66656, 0.70146, 0.72568, 0.74634, 0.76322, 0.7829, 0.79476, 0.80816, 0.81682, 0.8297, 0.83904, 0.8459, 0.85448, 0.86252, 0.86688, 0.87454, 0.88028, 0.88606, 0.88824, 0.89132, 0.89656, 0.90494, 0.9082, 0.91156, 0.91352, 0.91686, 0.92104, 0.92314, 0.9244, 0.92592, 0.92966, 0.93158, 0.93326, 0.93428, 0.93652, 0.9383, 0.94168, 0.93946, 0.9417, 0.94398, 0.94658, 0.94444, 0.94676, 0.94946, 0.95146, 0.95054, 0.94924, 0.94864]}